{"zcr": {"mean": 0.13436115169025153, "std": 0.0349833477155494}, "flatness": {"mean": 0.005425757380195021, "std": 0.0040563279147164235}, "centroid": {"mean": 1607.4157323594814, "std": 323.5613515250916}}